Rotational Travel (%),poten type  A (1),poten type  A (2),poten type  A (3),Average type  A,poten type  B (1),poten type  B (2),poten type  B (3),Average  type  B,poten type  C (1),poten type  C (2),poten type  C (3),Average  type  C
0%,0,0,0,0,0,0,0,0,3.281,3.281,3.282,3.281333333
5%,0,0,0,0,0,0,0,0,3.281,3.281,3.281,3.281
10%,0,0,0,0,0.055,0.192,0,0.08233333333,2.96,3.04,3.017,3.005666667
15%,0.015,0.012,0.005,0.01066666667,0.233,0.182,0.196,0.2036666667,2.505,2.503,2.541,2.516333333
20%,0.055,0.05,0.051,0.052,0.389,0.407,0.375,0.3903333333,2.053,2.073,2.105,2.077
25%,0.096,0.093,0.084,0.091,0.64,0.58,0.561,0.5936666667,1.557,1.626,1.676,1.619666667
30%,0.13,0.124,0.123,0.1256666667,0.81,0.768,0.776,0.7846666667,1.084,1.079,1.154,1.105666667
35%,0.165,0.17,0.166,0.167,1,0.989,0.968,0.9856666667,0.592,0.617,0.618,0.609
40%,0.204,0.208,0.209,0.207,1.192,1.149,1.166,1.169,0.453,0.445,0.449,0.449
45%,0.235,0.242,0.247,0.2413333333,1.365,1.37,1.378,1.371,0.399,0.388,0.405,0.3973333333
50%,0.279,0.285,0.286,0.2833333333,1.579,1.578,1.579,1.578666667,0.351,0.345,0.356,0.3506666667
55%,0.519,0.455,0.476,0.4833333333,1.734,1.762,1.766,1.754,0.299,0.303,0.305,0.3023333333
60%,0.969,0.894,0.858,0.907,1.985,1.952,1.954,1.963666667,0.253,0.254,0.259,0.2553333333
65%,1.223,1.31,1.216,1.249666667,2.157,2.16,2.143,2.153333333,0.209,0.214,0.119,0.1806666667
70%,1.56,1.688,1.579,1.609,2.403,2.33,2.316,2.349666667,0.163,0.165,0.148,0.1586666667
75%,1.95,1.973,1.929,1.950666667,2.562,2.504,2.528,2.531333333,0.115,0.115,0.106,0.112
80%,2.294,2.313,2.295,2.300666667,2.733,2.73,2.731,2.731333333,0.07,0.068,0.065,0.06766666667
85%,2.648,2.742,2.614,2.668,2.941,2.9,2.901,2.914,0.025,0.025,0.016,0.022
90%,2.947,3.07,3.067,3.028,3.097,3.07,3.068,3.078333333,0,0,0,0
95%,3.283,3.284,3.284,3.283666667,3.281,3.28,3.281,3.280666667,0,0,0,0
100%,3.284,3.284,3.284,3.284,3.281,3.281,3.282,3.281333333,0,0,0,0