Distance (mm),poten Slide type  A (1),poten Slider type  A (2),poten Slide type  A (3),Average,poten Slide type  B (1),poten Slider type  B (2),poten Slide type  B (3),Average 
0,0,0,0,0,0,0,0,0
5,0.205,0.173,0.172,0.1833333333,0.055,0.068,0.057,0.06
10,0.751,0.782,0.761,0.7646666667,0.367,0.379,0.369,0.3716666667
15,1.378,1.334,1.332,1.348,0.691,0.69,0.686,0.689
20,1.97,1.954,1.964,1.962666667,1.003,1.013,1.006,1.007333333
25,2.516,2.538,2.543,2.532333333,1.295,1.298,1.305,1.299333333
30,2.74,2.744,2.747,2.743666667,1.586,1.598,1.583,1.589
35,2.842,2.848,2.844,2.844666667,1.935,1.943,1.946,1.941333333
40,2.942,2.939,2.94,2.940333333,2.215,2.22,2.21,2.215
45,3.042,3.043,3.044,3.043,2.517,2.522,2.52,2.519666667
50,3.14,3.133,3.139,3.137333333,2.834,2.837,2.835,2.835333333
55,3.253,3.253,3.25,3.252,3.137,3.15,3.136,3.141
60,3.283,3.284,3.284,3.283666667,3.281,3.283,3.283,3.282333333